signals	samplings	stddev	ber	rber	complete	time(ms)
2	200	0.01	0.0058775	0.0350575	1000	3.445
3	200	0.01	0.00562667	0.03889	1000	4.248
4	200	0.01	0.00763375	0.0435838	1000	6.674
5	200	0.01	0.005015	0.041115	1000	10.026
6	200	0.01	0.00439417	0.0425667	1000	13.912
7	200	0.01	0.00389429	0.0441114	1000	17.577
8	200	0.01	0.00410563	0.045995	1000	22.451
9	200	0.01	0.00382	0.0482122	1000	28.881
10	200	0.01	0.004838	0.0520255	1000	37.561
11	200	0.01	0.00488864	0.0540291	1000	46.861
12	200	0.01	0.00596542	0.0617921	1000	68.583
13	200	0.01	0.00841962	0.0690896	1000	87.964
14	200	0.01	0.0126268	0.0804361	1000	118.971
15	200	0.01	0.0189476	0.0954645	999	145.271
16	200	0.01	0.0317516	0.119053	1000	189.785
17	200	0.01	0.0507009	0.150937	1000	239.826
18	200	0.01	0.0746761	0.179952	1000	309.785
19	200	0.01	0.106667	0.217177	1000	413.101
2	300	0.01	0.00595167	0.0330083	1000	2.659
3	300	0.01	0.00638556	0.0348744	1000	5.481
4	300	0.01	0.00482167	0.0352525	1000	10.255
5	300	0.01	0.00399533	0.0358413	1000	15.414
6	300	0.01	0.00438222	0.038185	1000	21.197
7	300	0.01	0.00326381	0.0375557	1000	27.975
8	300	0.01	0.00312708	0.0385371	1000	28.963
9	300	0.01	0.00293593	0.0403926	1000	36.228
10	300	0.01	0.00321467	0.042296	1000	45.352
11	300	0.01	0.00326545	0.0436591	1000	54.132
12	300	0.01	0.002995	0.0445386	1000	76.27
13	300	0.01	0.00368231	0.0482679	1000	90.285
14	300	0.01	0.004035	0.0508602	1000	110.173
15	300	0.01	0.00418889	0.0531607	1000	128.207
16	300	0.01	0.00610396	0.0601425	1000	155.838
17	300	0.01	0.00905765	0.0696763	1000	191.116
18	300	0.01	0.0129006	0.0796135	1000	266.309
19	300	0.01	0.0175161	0.09105	1000	283.489
20	300	0.01	0.0289525	0.113921	1000	355.996
21	300	0.01	0.0467225	0.142691	1000	544.802
22	300	0.01	0.0708238	0.177913	1000	596.316
23	300	0.01	0.100192	0.209935	1000	746.669
2	400	0.01	0.00692875	0.0325088	1000	3.496
3	400	0.01	0.0065575	0.0351492	1000	7.093
4	400	0.01	0.0044275	0.0321881	1000	11.377
5	400	0.01	0.0043705	0.0350825	1000	17.181
6	400	0.01	0.00388833	0.0347363	1000	23.411
7	400	0.01	0.00411071	0.0361418	1000	29.812
8	400	0.01	0.00335125	0.0363412	1000	35.19
9	400	0.01	0.00292639	0.0363586	1000	42.81
10	400	0.01	0.00309475	0.037632	1000	51.926
11	400	0.01	0.00313564	0.0391815	999	61.8879
12	400	0.01	0.00256271	0.03933	1000	85.409
13	400	0.01	0.00271481	0.0403579	1000	99.302
14	400	0.01	0.00274214	0.0417313	1000	125.737
15	400	0.01	0.00233383	0.0419285	1000	136.484
16	400	0.01	0.00294891	0.0448205	1000	181.882
17	400	0.01	0.00346	0.0480243	1000	191.17
18	400	0.01	0.00375236	0.0508192	1000	240.118
19	400	0.01	0.00542618	0.0568249	1000	292.635
20	400	0.01	0.00747612	0.064846	1000	334.644
21	400	0.01	0.0115726	0.0758226	1000	418.544
22	400	0.01	0.0161839	0.0872849	1000	471.102
23	400	0.01	0.0259809	0.10642	1000	650.056
24	400	0.01	0.0391332	0.132768	1000	772.463
25	400	0.01	0.0585319	0.158933	1000	886.283
26	400	0.01	0.0879502	0.196706	1000	1119.24
27	400	0.01	0.123997	0.23621	1000	1355.17
2	500	0.01	0.00663	0.031077	1000	5.368
3	500	0.01	0.004848	0.030282	1000	10.405
4	500	0.01	0.0056625	0.0334025	1000	16.4
5	500	0.01	0.0043216	0.0328636	1000	23.418
6	500	0.01	0.00392033	0.0341323	1000	31.564
7	500	0.01	0.00386943	0.034506	1000	40.911
8	500	0.01	0.00426275	0.0352822	1000	50.425
9	500	0.01	0.003046	0.0355242	1000	62.043
10	500	0.01	0.0029344	0.0352808	1000	73.297
11	500	0.01	0.002262	0.0348622	1000	85.438
12	500	0.01	0.00250167	0.0367045	1000	117.589
13	500	0.01	0.002362	0.0370103	1000	136.005
14	500	0.01	0.00204343	0.0370561	1000	141.83
15	500	0.01	0.00251613	0.0389504	1000	161.07
16	500	0.01	0.00213887	0.0391673	1000	181.3
17	500	0.01	0.00242565	0.0406342	1000	233.068
18	500	0.01	0.00263244	0.0436742	1000	250.111
19	500	0.01	0.00303158	0.0454546	1000	297.061
20	500	0.01	0.0034099	0.046849	1000	321.23
21	500	0.01	0.00396924	0.0507545	1000	386.448
22	500	0.01	0.00575727	0.0583744	1000	416.506
23	500	0.01	0.0078393	0.0663488	1000	503.026
24	500	0.01	0.0120913	0.0756729	1000	618.871
25	500	0.01	0.0172983	0.0904114	1000	723.095
26	500	0.01	0.0269885	0.109932	1000	883.087
27	500	0.01	0.0412875	0.133204	1000	1106.49
28	500	0.01	0.0606167	0.162708	1000	1254.02
29	500	0.01	0.0907635	0.199192	1000	1613.09
30	500	0.01	0.129853	0.238735	1000	1941.73
2	600	0.01	0.0071975	0.0331075	1000	6.171
3	600	0.01	0.00630722	0.0324972	1000	12.019
4	600	0.01	0.00503	0.0322633	1000	18.423
5	600	0.01	0.00459933	0.032524	1000	26.14
6	600	0.01	0.00421639	0.0327389	1000	35.04
7	600	0.01	0.00392738	0.0324198	1000	44.631
8	600	0.01	0.00328938	0.0328798	1000	54.815
9	600	0.01	0.00336333	0.0342452	1000	67.134
10	600	0.01	0.00299933	0.0334853	1000	79.186
11	600	0.01	0.00269212	0.0337952	1000	93.596
12	600	0.01	0.00277611	0.0351006	1000	127.097
13	600	0.01	0.00246115	0.034805	1000	144.875
14	600	0.01	0.00242452	0.0359939	1000	166.488
15	600	0.01	0.00239956	0.0363531	1000	188.878
16	600	0.01	0.00220427	0.0367792	1000	223.32
17	600	0.01	0.00222333	0.0377282	1000	244.018
18	600	0.01	0.00191926	0.0378732	1000	260.327
19	600	0.01	0.00249588	0.0404083	1000	299.853
20	600	0.01	0.00235683	0.0409445	1000	333.668
21	600	0.01	0.0028117	0.0434179	999	381.238
22	600	0.01	0.00307174	0.046123	1000	411.694
23	600	0.01	0.00356109	0.0484775	1000	450.004
24	600	0.01	0.00484861	0.054766	1000	495.745
25	600	0.01	0.00673953	0.0613443	1000	566.554
26	600	0.01	0.00928179	0.0691427	1000	700.738
27	600	0.01	0.0143757	0.0830819	1000	792.602
28	600	0.01	0.0220265	0.0994249	1000	939.934
29	600	0.01	0.0317339	0.118555	1000	1232.88
30	600	0.01	0.0493166	0.144406	1000	1545.69
31	600	0.01	0.0721641	0.176494	1000	1882.66
32	600	0.01	0.107348	0.21642	1000	2192.88
2	700	0.01	0.00449429	0.0271707	1000	6.52
3	700	0.01	0.00494286	0.0307138	1000	12.555
4	700	0.01	0.00609107	0.0337018	1000	19.744
5	700	0.01	0.00363686	0.030618	1000	35.055
6	700	0.01	0.00413024	0.031564	1000	39.491
7	700	0.01	0.00352306	0.0315439	1000	49.453
8	700	0.01	0.00267053	0.0314127	999	59.2282
9	700	0.01	0.00312508	0.031984	1000	74.397
10	700	0.01	0.00337986	0.033161	1000	87.668
11	700	0.01	0.00269104	0.033021	1000	103.062
12	700	0.01	0.00222798	0.0324068	1000	158.008
13	700	0.01	0.00244088	0.0335252	1000	182.113
14	700	0.01	0.00210908	0.0338061	1000	182.218
15	700	0.01	0.0020079	0.0339695	1000	206.342
16	700	0.01	0.00195768	0.0345011	1000	212.944
17	700	0.01	0.00202311	0.0354035	1000	262.981
18	700	0.01	0.00213048	0.03594	1000	285.727
19	700	0.01	0.00181383	0.0364045	1000	294.833
20	700	0.01	0.0020315	0.0376002	1000	347.088
21	700	0.01	0.00194163	0.0379607	1000	378.819
22	700	0.01	0.00186948	0.0394388	1000	409.508
23	700	0.01	0.0022728	0.0409553	1000	484.372
24	700	0.01	0.00263208	0.0440983	1000	501.287
25	700	0.01	0.00389663	0.0495279	1000	583.659
26	700	0.01	0.005155	0.055427	1000	651.715
27	700	0.01	0.00630593	0.0613725	1000	735.386
28	700	0.01	0.00844296	0.0676935	1000	921.17
29	700	0.01	0.0124617	0.0785124	1000	976.555
30	700	0.01	0.018663	0.0945354	1000	1164.87
31	700	0.01	0.027633	0.110192	1000	1392.9
32	700	0.01	0.0401656	0.135433	1000	1681.17
33	700	0.01	0.0610152	0.16538	1000	2075.01
34	700	0.01	0.0940159	0.198275	1000	2597.83
35	700	0.01	0.128759	0.237618	1000	3185.09
2	800	0.01	0.0070325	0.0309706	1000	9.856
3	800	0.01	0.00533375	0.0305104	1000	18.925
4	800	0.01	0.0055675	0.0322809	1000	28.586
5	800	0.01	0.0047825	0.0313455	1000	32.309
6	800	0.01	0.00409771	0.0314113	1000	44.669
7	800	0.01	0.00356625	0.0309925	1000	51.143
8	800	0.01	0.00327844	0.0307703	1000	61.776
9	800	0.01	0.00262194	0.0305217	1000	74.878
10	800	0.01	0.0027715	0.0315392	1000	89.753
11	800	0.01	0.00297466	0.0321143	1000	106.398
12	800	0.01	0.00270406	0.0326933	999	147.774
13	800	0.01	0.00210731	0.0321801	1000	166.405
14	800	0.01	0.00202321	0.0322614	1000	191.899
15	800	0.01	0.00225458	0.0329127	1000	225.52
16	800	0.01	0.00216789	0.0342748	1000	237.55
17	800	0.01	0.00158772	0.032941	1000	277.99
18	800	0.01	0.00173438	0.0336051	1000	294.595
19	800	0.01	0.001555	0.0337905	1000	318.975
20	800	0.01	0.00193494	0.0351802	1000	377.594
21	800	0.01	0.00190149	0.0368075	1000	384.855
22	800	0.01	0.00193312	0.0369276	1000	449.824
23	800	0.01	0.0020437	0.0377578	1000	473.714
24	800	0.01	0.00201109	0.0390839	1000	518.984
25	800	0.01	0.00237595	0.0415516	1000	727.888
26	800	0.01	0.00330625	0.0456181	1000	710.081
27	800	0.01	0.00336602	0.047697	1000	718.241
28	800	0.01	0.0043262	0.0522109	999	856.534
29	800	0.01	0.00601276	0.0594037	1000	980.011
30	800	0.01	0.00840108	0.0674064	1000	1156.42
31	800	0.01	0.0121113	0.0764258	1000	1318.06
32	800	0.01	0.0170551	0.0900935	999	1521.39
33	800	0.01	0.0251208	0.106956	1000	1821.95
34	800	0.01	0.0378581	0.129281	1000	1926.62
35	800	0.01	0.058906	0.160968	1000	2759.37
36	800	0.01	0.0874678	0.193877	1000	3046.25
37	800	0.01	0.122163	0.2316	1000	3547.66
2	900	0.01	0.00635056	0.0318333	1000	8.463
3	900	0.01	0.00616741	0.0314011	1000	15.813
4	900	0.01	0.00527083	0.0313942	1000	23.943
5	900	0.01	0.004226	0.0299073	1000	33.722
6	900	0.01	0.00338241	0.0303489	1000	44.385
7	900	0.01	0.00266302	0.0295624	1000	56.393
8	900	0.01	0.00401958	0.0313071	1000	67.79
9	900	0.01	0.00305901	0.030717	1000	82.174
10	900	0.01	0.00270744	0.0309684	1000	97.404
11	900	0.01	0.00238374	0.0307839	1000	112.725
12	900	0.01	0.00274435	0.0314198	1000	155.736
13	900	0.01	0.00239316	0.0311378	1000	177.228
14	900	0.01	0.00237341	0.0323525	1000	204.506
15	900	0.01	0.00231607	0.0325456	1000	224.96
16	900	0.01	0.00195431	0.0322715	1000	250.933
17	900	0.01	0.00181824	0.0328706	1000	301.539
18	900	0.01	0.00206302	0.033472	1000	308.066
19	900	0.01	0.00156497	0.0329404	1000	347.519
20	900	0.01	0.0018545	0.0341619	1000	376.611
21	900	0.01	0.00171868	0.0341507	1000	405.18
22	900	0.01	0.00171677	0.0355495	1000	458.529
23	900	0.01	0.00177217	0.0358723	1000	488.662
24	900	0.01	0.00172755	0.0362125	1000	553.483
25	900	0.01	0.00187534	0.0378145	999	648.424
26	900	0.01	0.00221769	0.0392571	1000	644.802
27	900	0.01	0.00269366	0.042576	1000	729.802
28	900	0.01	0.0028725	0.0445134	1000	801.583
29	900	0.01	0.00374341	0.0479364	1000	876.353
30	900	0.01	0.0049127	0.0544374	1000	1058.94
31	900	0.01	0.00611692	0.0600901	1000	1124.88
32	900	0.01	0.00810717	0.0673998	999	1354.34
33	900	0.01	0.0122424	0.0797242	1000	1780.67
34	900	0.01	0.0181039	0.0933693	1000	1973.67
35	900	0.01	0.0255802	0.108081	1000	2326.29
36	900	0.01	0.0384373	0.133046	1000	2779.53
37	900	0.01	0.0578041	0.160124	1000	3192.37
38	900	0.01	0.0851233	0.192166	1000	3650.57
39	900	0.01	0.122168	0.233834	1000	4451.39
2	1000	0.01	0.0065545	0.030745	1000	9.312
3	1000	0.01	0.00712367	0.0316497	1000	16.735
4	1000	0.01	0.00543675	0.0308393	1000	32.664
5	1000	0.01	0.0050906	0.0305536	1000	48.226
6	1000	0.01	0.00443817	0.0304677	1000	60.63
7	1000	0.01	0.00294871	0.029344	1000	73.318
8	1000	0.01	0.00358413	0.0303898	1000	75.383
9	1000	0.01	0.00345711	0.0306681	1000	91.618
10	1000	0.01	0.0025851	0.0298372	1000	118.469
11	1000	0.01	0.00281327	0.0314195	1000	127.998
12	1000	0.01	0.00260258	0.0313902	1000	209.172
13	1000	0.01	0.00236931	0.0308052	1000	191.534
14	1000	0.01	0.00269279	0.0319129	1000	217.935
15	1000	0.01	0.002177	0.0314449	1000	247.433
16	1000	0.01	0.00252431	0.0331022	1000	277.191
17	1000	0.01	0.00170288	0.0312429	1000	295.9
18	1000	0.01	0.00201367	0.0326217	1000	339.394
19	1000	0.01	0.00182068	0.0329776	1000	370.73
20	1000	0.01	0.0016214	0.0328593	1000	436.385
21	1000	0.01	0.00164581	0.0328919	1000	443.313
22	1000	0.01	0.00140155	0.0332385	1000	466.847
23	1000	0.01	0.00147026	0.0336134	1000	505.201
24	1000	0.01	0.00136396	0.034069	1000	564.101
25	1000	0.01	0.0015346	0.0347879	1000	617.354
26	1000	0.01	0.00190419	0.0365202	1000	683.893
27	1000	0.01	0.00194744	0.0373832	1000	720.534
28	1000	0.01	0.00211475	0.0391099	1000	788.129
29	1000	0.01	0.0023029	0.0417422	1000	850.581
30	1000	0.01	0.00296313	0.0456643	1000	996.695
31	1000	0.01	0.0038899	0.050182	1000	1103.62
32	1000	0.01	0.00467969	0.0523711	1000	1220.87
33	1000	0.01	0.00664933	0.0620595	1000	1389.17
34	1000	0.01	0.00873809	0.0692086	1000	1514.45
35	1000	0.01	0.0124709	0.0797252	1000	1721.76
36	1000	0.01	0.0192042	0.0959909	1000	2105.7
37	1000	0.01	0.026857	0.110238	1000	2381.02
38	1000	0.01	0.0416253	0.135773	1000	3148.62
39	1000	0.01	0.0598014	0.16199	1000	3514.91
40	1000	0.01	0.0871576	0.197286	1000	4419.28
41	1000	0.01	0.122575	0.230798	1000	5109.18
2	1100	0.01	0.00743682	0.0305773	1000	10.799
3	1100	0.01	0.00549576	0.0301997	1000	21.163
4	1100	0.01	0.00549159	0.0307455	1000	35.312
5	1100	0.01	0.00430055	0.0289689	1000	48.732
6	1100	0.01	0.00357727	0.0295035	1000	64.27
7	1100	0.01	0.00394065	0.030396	1000	81.497
8	1100	0.01	0.00330375	0.0303542	1000	96.477
9	1100	0.01	0.00311374	0.0301459	1000	114.591
10	1100	0.01	0.002925	0.0303521	1000	131.701
11	1100	0.01	0.00318785	0.0311464	1000	159.487
12	1100	0.01	0.0021025	0.0283748	1000	189.251
13	1100	0.01	0.00230357	0.0304539	1000	239.98
14	1100	0.01	0.00264773	0.0313082	1000	281.557
15	1100	0.01	0.00227903	0.0312733	1000	295.638
16	1100	0.01	0.00196864	0.0309539	1000	311.888
17	1100	0.01	0.00212583	0.0316972	1000	368.084
18	1100	0.01	0.00195657	0.0312301	1000	388.949
19	1100	0.01	0.00160507	0.0311813	1000	419.894
20	1100	0.01	0.00160391	0.0312058	1000	476.349
21	1100	0.01	0.00160095	0.0319912	1000	459.524
22	1100	0.01	0.00165277	0.0321419	1000	550.991
23	1100	0.01	0.00176154	0.0332307	1000	588.48
24	1100	0.01	0.00142085	0.033057	999	624.71
25	1100	0.01	0.00138665	0.033788	1000	703.346
26	1100	0.01	0.00149587	0.0338721	1000	755.516
27	1100	0.01	0.00155209	0.0349989	1000	813.197
28	1100	0.01	0.00167464	0.0364024	1000	861.301
29	1100	0.01	0.00193376	0.0376417	1000	953.139
30	1100	0.01	0.00245052	0.0407494	1000	1033.97
31	1100	0.01	0.00301346	0.0446509	1000	1102.28
32	1100	0.01	0.00301145	0.0455525	1000	1250.11
33	1100	0.01	0.00437314	0.0516449	1000	1410.58
34	1100	0.01	0.00514388	0.0558617	1000	1491.75
35	1100	0.01	0.0072227	0.0632602	1000	1724.83
36	1100	0.01	0.0105956	0.0753056	1000	1949.74
37	1100	0.01	0.0140915	0.0845572	1000	2244.43
38	1100	0.01	0.0199604	0.0998287	1000	2571.53
39	1100	0.01	0.0296142	0.116818	1000	3072.35
40	1100	0.01	0.0419005	0.138241	1000	3457.67
41	1100	0.01	0.0662166	0.169191	999	4449.94
42	1100	0.01	0.0948893	0.203847	1000	5565.64
43	1100	0.01	0.133437	0.241553	1000	6378.53
2	1200	0.01	0.00656	0.03062	1000	13.474
3	1200	0.01	0.00640417	0.0305783	1000	24.952
4	1200	0.01	0.00601146	0.0316725	1000	35.086
5	1200	0.01	0.00479917	0.0304185	1000	49.228
6	1200	0.01	0.00414153	0.0294094	1000	63.115
7	1200	0.01	0.00321619	0.0278673	1000	77.076
8	1200	0.01	0.00367437	0.0300244	1000	92.648
9	1200	0.01	0.0028388	0.0291058	1000	111.375
10	1200	0.01	0.00288842	0.029598	1000	126.94
11	1200	0.01	0.00248144	0.0292708	1000	195.155
12	1200	0.01	0.00260146	0.030159	1000	203.216
13	1200	0.01	0.00228494	0.0290091	1000	228.956
14	1200	0.01	0.00176143	0.0292176	1000	258.347
15	1200	0.01	0.00239889	0.0309743	1000	291.77
16	1200	0.01	0.00173302	0.0294747	1000	311.668
17	1200	0.01	0.00204549	0.0308023	1000	360.587
18	1200	0.01	0.00173347	0.030924	1000	379.115
19	1200	0.01	0.0016682	0.0308388	1000	417.478
20	1200	0.01	0.00192267	0.0319874	1000	452.203
21	1200	0.01	0.00137885	0.0308224	1000	504.093
22	1200	0.01	0.00123239	0.0305872	1000	588.013
23	1200	0.01	0.00144308	0.031841	1000	578.834
24	1200	0.01	0.00158625	0.0320469	1000	669.325
25	1200	0.01	0.00140163	0.0324487	1000	676.004
26	1200	0.01	0.00149221	0.0329716	1000	763.309
27	1200	0.01	0.00128938	0.0327437	1000	787.707
28	1200	0.01	0.00154217	0.0343823	1000	887.607
29	1200	0.01	0.00167368	0.0353042	1000	910.771
30	1200	0.01	0.00182522	0.0367623	1000	992.618
31	1200	0.01	0.00212188	0.0389727	999	1077.84
32	1200	0.01	0.00228081	0.0407613	1000	1156.58
33	1200	0.01	0.00275493	0.0430431	999	1305.43
34	1200	0.01	0.00328767	0.0474391	1000	1562.11
35	1200	0.01	0.00465205	0.0523455	1000	1588.2
36	1200	0.01	0.00607315	0.0588862	1000	1700.78
37	1200	0.01	0.00785764	0.0659838	1000	1930.71
38	1200	0.01	0.0119697	0.0784424	1000	2283.56
39	1200	0.01	0.0159517	0.0905991	1000	2494.87
40	1200	0.01	0.0221902	0.103745	1000	2811.64
41	1200	0.01	0.032986	0.121383	1000	3382.95
42	1200	0.01	0.0483748	0.14578	1000	4000.26
43	1200	0.01	0.0747242	0.181534	1000	5061
44	1200	0.01	0.108561	0.216665	1000	6853.01
2	1300	0.01	0.00595231	0.0291392	1000	12.026
3	1300	0.01	0.00626051	0.0312074	1000	21.662
4	1300	0.01	0.00511231	0.0289033	1000	35.902
5	1300	0.01	0.00397615	0.0277591	1000	48.641
6	1300	0.01	0.00368756	0.0290214	1000	62.332
7	1300	0.01	0.00326714	0.028508	1000	77.424
8	1300	0.01	0.00321385	0.0293459	1000	93.609
9	1300	0.01	0.00332188	0.0295091	1000	138.996
10	1300	0.01	0.00297246	0.0289426	1000	142.829
11	1300	0.01	0.00235818	0.0287513	1000	162.951
12	1300	0.01	0.00275192	0.0302991	999	217.741
13	1300	0.01	0.00244006	0.0293085	1000	246.217
14	1300	0.01	0.00210648	0.029193	1000	291.343
15	1300	0.01	0.00177511	0.0285677	999	314.826
16	1300	0.01	0.00203014	0.0296722	1000	334.597
17	1300	0.01	0.00193896	0.0300476	1000	452.248
18	1300	0.01	0.00201043	0.0309127	1000	450.4
19	1300	0.01	0.00161449	0.030335	999	475.661
20	1300	0.01	0.00141823	0.0301717	1000	522.629
21	1300	0.01	0.00156956	0.0306608	1000	575.457
22	1300	0.01	0.00159175	0.0309165	1000	609.206
23	1300	0.01	0.001608	0.031166	999	678.851
24	1300	0.01	0.00153702	0.0317736	1000	705.881
25	1300	0.01	0.00151231	0.0317745	999	753.078
26	1300	0.01	0.0014699	0.0323377	999	826.356
27	1300	0.01	0.00127795	0.0321585	1000	885.523
28	1300	0.01	0.00139286	0.0321769	1000	965.04
29	1300	0.01	0.00170897	0.034442	1000	980.002
30	1300	0.01	0.00161362	0.0352178	1000	1122.19
31	1300	0.01	0.00132313	0.034527	1000	1192.69
32	1300	0.01	0.00154817	0.0364564	1000	1255.93
33	1300	0.01	0.00222103	0.0394932	1000	1381.3
34	1300	0.01	0.00244405	0.0418313	1000	1495.58
35	1300	0.01	0.00318886	0.0451816	1000	1625.23
36	1300	0.01	0.00405009	0.0500003	1000	1784.31
37	1300	0.01	0.00489108	0.0562517	1000	1950.77
38	1300	0.01	0.00678887	0.0616657	999	2219.64
39	1300	0.01	0.00945639	0.0705729	1000	2508.89
40	1300	0.01	0.0122347	0.0811334	1000	2672.93
41	1300	0.01	0.018224	0.0967547	1000	3246.93
42	1300	0.01	0.0276815	0.116656	1000	3716.07
43	1300	0.01	0.0381705	0.129975	1000	4200.69
44	1300	0.01	0.0567796	0.159298	999	5293.96
45	1300	0.01	0.0863018	0.193187	1000	6412.33
46	1300	0.01	0.123797	0.231963	1000	7768.28
2	1400	0.01	0.00819143	0.0323843	1000	12.576
3	1400	0.01	0.0050731	0.0286869	1000	24.079
4	1400	0.01	0.00539357	0.0307077	1000	36.412
5	1400	0.01	0.00552486	0.0316376	1000	50.838
6	1400	0.01	0.00503524	0.0315954	1000	66.509
7	1400	0.01	0.0035799	0.0284028	1000	82.265
8	1400	0.01	0.00341438	0.0302335	1000	126.932
9	1400	0.01	0.00304127	0.0289985	1000	149.861
10	1400	0.01	0.00258629	0.0281547	1000	172.273
11	1400	0.01	0.00281675	0.0293243	1000	206.557
12	1400	0.01	0.00222	0.0280754	1000	251.787
13	1400	0.01	0.00226473	0.0287793	1000	269.54
14	1400	0.01	0.00206388	0.0285708	1000	294.835
15	1400	0.01	0.00189371	0.0284972	1000	326.464
16	1400	0.01	0.00215991	0.0299514	1000	352.193
17	1400	0.01	0.00132672	0.0277649	1000	391.257
18	1400	0.01	0.00186988	0.0300346	1000	523.006
19	1400	0.01	0.00169917	0.0296506	1000	471.8
20	1400	0.01	0.00156639	0.0301297	999	531.527
21	1400	0.01	0.00137881	0.0291	1000	549.142
22	1400	0.01	0.0018012	0.0304373	1000	656.783
23	1400	0.01	0.00143823	0.0299452	1000	638.011
24	1400	0.01	0.0013922	0.0308887	999	701.554
25	1400	0.01	0.00121971	0.0303472	1000	736.868
26	1400	0.01	0.00131989	0.0309032	1000	818.686
27	1400	0.01	0.00136148	0.0313739	1000	879.533
28	1400	0.01	0.00135352	0.0317095	1000	927.681
29	1400	0.01	0.00121079	0.0317409	1000	969.973
30	1400	0.01	0.00141152	0.0326482	1000	1067.11
31	1400	0.01	0.00141503	0.0335259	999	1146.18
32	1400	0.01	0.00172683	0.0357411	1000	1321.98
33	1400	0.01	0.00157989	0.0358498	1000	1437.88
34	1400	0.01	0.00203013	0.0384549	1000	1426.77
35	1400	0.01	0.00222888	0.0399836	999	1596.59
36	1400	0.01	0.00289514	0.0440454	1000	1650.28
37	1400	0.01	0.00356695	0.0469692	1000	1823.85
38	1400	0.01	0.00442696	0.0524404	999	1975.95
39	1400	0.01	0.00600139	0.0600181	1000	2220.83
40	1400	0.01	0.00817805	0.0677205	1000	2427.36
41	1400	0.01	0.0108199	0.0769851	1000	2763.73
42	1400	0.01	0.0149411	0.0876127	1000	3267.31
43	1400	0.01	0.0209264	0.10061	1000	3607.41
44	1400	0.01	0.0317346	0.120834	999	4236.92
45	1400	0.01	0.0488955	0.14844	1000	5263.17
46	1400	0.01	0.0666406	0.172214	1000	5879.04
47	1400	0.01	0.0976665	0.207631	1000	7357.78
48	1400	0.01	0.14002	0.245459	1000	8760.33
2	1500	0.01	0.00615167	0.029564	1000	13.514
3	1500	0.01	0.00596378	0.0307767	1000	24.992
4	1500	0.01	0.00574933	0.0307885	1000	41.82
5	1500	0.01	0.00467013	0.0300341	1000	56.399
6	1500	0.01	0.00407978	0.0288297	1000	70.905
7	1500	0.01	0.00303094	0.0274187	999	88.5115
8	1500	0.01	0.00414925	0.0301291	1000	109.207
9	1500	0.01	0.00355289	0.029759	1000	156.915
10	1500	0.01	0.00266653	0.0281377	999	183.112
11	1500	0.01	0.00276861	0.0287056	1000	206.238
12	1500	0.01	0.002336	0.0287334	1000	262.478
13	1500	0.01	0.00239108	0.0289156	1000	281.44
14	1500	0.01	0.00211752	0.028178	1000	370.53
15	1500	0.01	0.00171822	0.0272305	1000	347.532
16	1500	0.01	0.00204292	0.0286975	1000	415.017
17	1500	0.01	0.00185871	0.0292731	1000	415.638
18	1500	0.01	0.00187356	0.0297737	1000	486.64
19	1500	0.01	0.00190709	0.0294321	1000	497.478
20	1500	0.01	0.00159477	0.0298225	1000	546.176
21	1500	0.01	0.00157708	0.0293978	1000	626.664
22	1500	0.01	0.00141039	0.0297572	1000	630.181
23	1500	0.01	0.00145406	0.0299951	1000	798.273
24	1500	0.01	0.001258	0.0293039	1000	717.689
25	1500	0.01	0.00136384	0.0302974	1000	853.635
26	1500	0.01	0.00157256	0.0306985	1000	842.403
27	1500	0.01	0.00132709	0.0309896	1000	972.409
28	1500	0.01	0.00141521	0.0309251	1000	957.509
29	1500	0.01	0.00138389	0.0317282	1000	1078.07
30	1500	0.01	0.00142167	0.0319308	999	1159.17
31	1500	0.01	0.00110822	0.0318505	1000	1343.54
32	1500	0.01	0.00155533	0.033738	999	1282.4
33	1500	0.01	0.00157972	0.0339906	1000	1423.12
34	1500	0.01	0.00148741	0.0351567	999	1686.69
35	1500	0.01	0.00153653	0.0363796	1000	1711.04
36	1500	0.01	0.00227343	0.0402764	1000	1786.73
37	1500	0.01	0.00280236	0.0427146	1000	1970.8
38	1500	0.01	0.00311242	0.0458692	1000	2088.05
39	1500	0.01	0.00388603	0.0502104	1000	2280.92
40	1500	0.01	0.00518375	0.056053	1000	2526.09
41	1500	0.01	0.00699498	0.0632799	1000	2756.43
42	1500	0.01	0.00918217	0.0707495	1000	3123.89
43	1500	0.01	0.0139018	0.0841206	1000	3538.1
44	1500	0.01	0.0186627	0.097698	1000	3869.57
45	1500	0.01	0.0256234	0.112514	1000	4646.52
46	1500	0.01	0.0389234	0.131483	999	5391.57
47	1500	0.01	0.0540124	0.1556	1000	6431.07
48	1500	0.01	0.0829248	0.191123	999	7707.59
49	1500	0.01	0.119663	0.226154	1000	9761.59
2	1600	0.01	0.0071575	0.0294847	1000	14.228
3	1600	0.01	0.00447646	0.0285688	1000	26.465
4	1600	0.01	0.00481437	0.0284453	1000	41.894
5	1600	0.01	0.00498525	0.0299391	1000	59.111
6	1600	0.01	0.00356448	0.0274928	1000	74.177
7	1600	0.01	0.00378714	0.0294977	1000	93.441
8	1600	0.01	0.00352586	0.0294418	1000	118.529
9	1600	0.01	0.00331229	0.0294132	1000	131.489
10	1600	0.01	0.00241788	0.0273911	1000	175.44
11	1600	0.01	0.00269502	0.0283113	999	187.469
12	1600	0.01	0.00237839	0.0277441	1000	254.941
13	1600	0.01	0.00209317	0.027585	1000	285.555
14	1600	0.01	0.00260616	0.0290194	1000	332.856
15	1600	0.01	0.00212613	0.0289172	1000	357.309
16	1600	0.01	0.00211383	0.0290898	1000	386.185
17	1600	0.01	0.00196783	0.0290204	1000	421.703
18	1600	0.01	0.0018316	0.0288621	1000	467.917
19	1600	0.01	0.00144727	0.0281309	1000	508.201
20	1600	0.01	0.00144434	0.028303	1000	541.177
21	1600	0.01	0.0014842	0.0288627	1000	595.862
22	1600	0.01	0.00152991	0.0291882	1000	668.921
23	1600	0.01	0.00139478	0.0291805	1000	686.978
24	1600	0.01	0.00154003	0.0297767	1000	733.653
25	1600	0.01	0.00150203	0.0299372	1000	800.352
26	1600	0.01	0.00105305	0.0293311	999	843.86
27	1600	0.01	0.00120542	0.0299525	1000	919.381
28	1600	0.01	0.00121219	0.0301111	1000	966.567
29	1600	0.01	0.00129934	0.0307117	999	1036.88
30	1600	0.01	0.00141163	0.0313977	1000	1166.61
31	1600	0.01	0.00125345	0.031577	1000	1355.33
32	1600	0.01	0.00119053	0.0320589	1000	1250.31
33	1600	0.01	0.00124536	0.0328202	1000	1366.78
34	1600	0.01	0.00149149	0.0335376	999	1576.04
35	1600	0.01	0.00150073	0.0350333	1000	1813.24
36	1600	0.01	0.00186703	0.0374414	1000	1891.46
37	1600	0.01	0.00204172	0.0391155	999	2083.73
38	1600	0.01	0.00269773	0.042021	1000	2230.16
39	1600	0.01	0.0033795	0.0467246	1000	2396.51
40	1600	0.01	0.00387208	0.0493313	1000	2646.64
41	1600	0.01	0.00474714	0.0540014	999	2820.54
42	1600	0.01	0.00608254	0.0597146	1000	2764.18
43	1600	0.01	0.00868064	0.0705873	1000	3066.14
44	1600	0.01	0.011087	0.0778366	1000	3295.99
45	1600	0.01	0.0157297	0.0907879	1000	3854.96
46	1600	0.01	0.0222875	0.104155	1000	4387.27
47	1600	0.01	0.0321994	0.122068	999	5157.84
48	1600	0.01	0.0485088	0.148597	1000	6139.55
49	1600	0.01	0.0690115	0.174059	1000	7506.83
50	1600	0.01	0.100942	0.206339	1000	9056.62
2	1700	0.01	0.00850235	0.0321959	1000	17.081
3	1700	0.01	0.00576863	0.02898	1000	31.417
4	1700	0.01	0.00501735	0.0296571	1000	53.731
5	1700	0.01	0.00509706	0.0300802	1000	74.921
6	1700	0.01	0.00443137	0.0291003	1000	85.438
7	1700	0.01	0.00349647	0.0275861	1000	122.58
8	1700	0.01	0.00406949	0.0301901	1000	136.432
9	1700	0.01	0.00311948	0.0279927	1000	164.884
10	1700	0.01	0.00283141	0.0280929	1000	195.789
11	1700	0.01	0.0030716	0.0291747	1000	211.941
12	1700	0.01	0.00236676	0.0277935	1000	280.14
13	1700	0.01	0.00214063	0.0280667	1000	316.115
14	1700	0.01	0.00255979	0.028499	1000	390.035
15	1700	0.01	0.00214961	0.0286376	1000	383.7
16	1700	0.01	0.00209996	0.0281478	1000	462.802
17	1700	0.01	0.00196785	0.0288411	1000	502.945
18	1700	0.01	0.00169758	0.0283075	1000	527.498
19	1700	0.01	0.0017178	0.0284074	1000	603.858
20	1700	0.01	0.00153135	0.0284939	1000	621.175
21	1700	0.01	0.00146359	0.0283927	1000	702.072
22	1700	0.01	0.00152203	0.0288759	1000	770.46
23	1700	0.01	0.00148476	0.0290755	1000	807.312
24	1700	0.01	0.00150581	0.0296048	1000	872.568
25	1700	0.01	0.00139671	0.0290343	1000	931.872
26	1700	0.01	0.00117321	0.0290182	1000	956.518
27	1700	0.01	0.00139538	0.0300838	1000	1070.25
28	1700	0.01	0.000955042	0.0286779	1000	1127.64
29	1700	0.01	0.00114765	0.029905	1000	1211.77
30	1700	0.01	0.00104084	0.0294324	999	1283
31	1700	0.01	0.00124634	0.0306876	1000	1333.36
32	1700	0.01	0.00104638	0.0305095	1000	1477.34
33	1700	0.01	0.00135219	0.0322704	1000	1549.97
34	1700	0.01	0.00126784	0.0322618	1000	1681.38
35	1700	0.01	0.00133012	0.0329569	1000	1824.01
36	1700	0.01	0.00153819	0.0343829	1000	1964.67
37	1700	0.01	0.00174545	0.0362634	999	2055.04
38	1700	0.01	0.00193382	0.0391912	1000	2262.92
39	1700	0.01	0.00235027	0.04036	1000	2395.22
40	1700	0.01	0.0029149	0.0439557	999	2560.68
41	1700	0.01	0.00348103	0.0469912	1000	2760.18
42	1700	0.01	0.00428965	0.0520388	1000	2953.45
43	1700	0.01	0.00607981	0.0599905	1000	3132.2
44	1700	0.01	0.00731059	0.0648726	1000	3419.02
45	1700	0.01	0.0101017	0.0748129	1000	3743.32
46	1700	0.01	0.0146872	0.0870571	1000	4258.67
47	1700	0.01	0.0197312	0.0996549	1000	4816.39
48	1700	0.01	0.0279412	0.117308	999	5532.25
49	1700	0.01	0.0434995	0.138441	1000	6884.3
50	1700	0.01	0.0587987	0.160765	1000	8335.16
51	1700	0.01	0.0867413	0.193596	1000	9587.18
52	1700	0.01	0.125661	0.233542	998	11523.6
2	1800	0.01	0.00645917	0.0301292	1000	22.235
3	1800	0.01	0.00638315	0.0302883	1000	40.441
4	1800	0.01	0.00447056	0.0282799	1000	55.503
5	1800	0.01	0.004303	0.0286311	1000	76.743
6	1800	0.01	0.00366648	0.0289332	1000	103.229
7	1800	0.01	0.00283571	0.0269338	1000	124.59
8	1800	0.01	0.00403437	0.029224	1000	152.896
9	1800	0.01	0.00292815	0.027481	1000	181.271
10	1800	0.01	0.00277861	0.0274472	1000	216.371
11	1800	0.01	0.00258838	0.0276267	1000	251.05
12	1800	0.01	0.00229296	0.0271711	1000	365.216
13	1800	0.01	0.0027791	0.0286314	1000	386.993
14	1800	0.01	0.00219067	0.0280073	1000	446.789
15	1800	0.01	0.00233922	0.0283453	1000	490.637
16	1800	0.01	0.00176878	0.0273294	1000	531.803
17	1800	0.01	0.00198428	0.0280798	1000	558.593
18	1800	0.01	0.00167623	0.0275225	1000	614.166
19	1800	0.01	0.00143538	0.0274323	1000	601.846
20	1800	0.01	0.00168317	0.0283678	1000	760.718
21	1800	0.01	0.00139574	0.0277091	1000	811.069
22	1800	0.01	0.00154753	0.0289625	1000	870.451
23	1800	0.01	0.00148205	0.0285249	1000	925.358
24	1800	0.01	0.00143757	0.0285817	999	995.927
25	1800	0.01	0.00145567	0.0290686	1000	1028.32
26	1800	0.01	0.00116777	0.0287462	999	1051.65
27	1800	0.01	0.00130183	0.0295564	1000	1126.65
28	1800	0.01	0.00117792	0.0289733	1000	1189.13
29	1800	0.01	0.00131029	0.0299483	1000	1278.19
30	1800	0.01	0.00138702	0.0297885	999	1258.71
31	1800	0.01	0.00115729	0.0298512	1000	1533.28
32	1800	0.01	0.00127089	0.0303188	1000	1596.16
33	1800	0.01	0.0010286	0.0302161	1000	1703.7
34	1800	0.01	0.00117884	0.0310052	1000	1796.65
35	1800	0.01	0.00129835	0.0320969	1000	1734.88
36	1800	0.01	0.00138897	0.0332403	1000	1716.75
37	1800	0.01	0.00149836	0.034551	1000	1867.99
38	1800	0.01	0.00161029	0.0354982	999	2027.68
39	1800	0.01	0.00192849	0.0376984	1000	2138.65
40	1800	0.01	0.00223494	0.0401622	999	2258.05
41	1800	0.01	0.00273371	0.0430863	1000	2760.07
42	1800	0.01	0.00326835	0.045425	1000	2938.37
43	1800	0.01	0.00417216	0.0516525	999	2975.48
44	1800	0.01	0.00514234	0.056316	1000	3076.72
45	1800	0.01	0.00669951	0.0631814	999	3529.13
46	1800	0.01	0.00962837	0.0730655	1000	3749.4
47	1800	0.01	0.0123675	0.0831408	999	4173.57
48	1800	0.01	0.0182028	0.0976689	1000	4663.26
49	1800	0.01	0.0243814	0.109548	999	5429.3
50	1800	0.01	0.0342113	0.127813	999	6517.25
51	1800	0.01	0.0545393	0.157548	1000	7816.29
52	1800	0.01	0.0752852	0.182547	1000	9384.17
53	1800	0.01	0.109247	0.218268	999	11827.4
2	1900	0.01	0.00746526	0.0298803	1000	18.32
3	1900	0.01	0.00678	0.0302516	1000	34.703
4	1900	0.01	0.00502211	0.0290787	1000	54.858
5	1900	0.01	0.00409821	0.0277769	1000	76.336
6	1900	0.01	0.00478316	0.0295561	1000	98.711
7	1900	0.01	0.00402263	0.0283798	1000	135.888
8	1900	0.01	0.00332833	0.0291079	999	161.102
9	1900	0.01	0.0032452	0.0281912	1000	193.317
10	1900	0.01	0.00233047	0.0264203	1000	228.769
11	1900	0.01	0.00270105	0.0273322	1000	253.243
12	1900	0.01	0.00244601	0.0273624	1000	341.826
13	1900	0.01	0.00271903	0.028784	1000	385.311
14	1900	0.01	0.00202135	0.0265894	1000	406.047
15	1900	0.01	0.00184142	0.0272528	999	471.169
16	1900	0.01	0.00188079	0.0274734	1000	477.265
17	1900	0.01	0.00183084	0.027519	1000	566.885
18	1900	0.01	0.00193211	0.0282898	1000	554.37
19	1900	0.01	0.00123231	0.0267581	999	617.349
20	1900	0.01	0.00160582	0.0280867	1000	711.542
21	1900	0.01	0.00158967	0.0282558	1000	778.854
22	1900	0.01	0.00153569	0.028097	1000	837.518
23	1900	0.01	0.00141908	0.027843	1000	902.868
24	1900	0.01	0.00132281	0.027774	999	937.517
25	1900	0.01	0.00146813	0.0287904	1000	1024.01
26	1900	0.01	0.00105727	0.0280936	1000	1090.53
27	1900	0.01	0.00118515	0.0286824	1000	1180.32
28	1900	0.01	0.00124778	0.0287025	1000	1242.7
29	1900	0.01	0.00129156	0.0289617	1000	1319.37
30	1900	0.01	0.00115881	0.0287729	1000	1385.69
31	1900	0.01	0.000898879	0.0290219	1000	1506.98
32	1900	0.01	0.00114431	0.0296827	1000	1493.8
33	1900	0.01	0.00126255	0.0305158	1000	1570.36
34	1900	0.01	0.00100287	0.0296949	998	1658.55
35	1900	0.01	0.00108592	0.0308934	1000	1776.96
36	1900	0.01	0.00107815	0.0309418	999	1914.61
37	1900	0.01	0.00136394	0.0321383	999	2001.13
38	1900	0.01	0.00135655	0.0336936	1000	2331.99
39	1900	0.01	0.00156595	0.0349499	1000	2296.72
40	1900	0.01	0.00187025	0.0368075	999	2444.68
41	1900	0.01	0.00228484	0.039734	999	2784.28
42	1900	0.01	0.00243773	0.0417648	1000	2909.37
43	1900	0.01	0.0029775	0.0449164	1000	3402.15
44	1900	0.01	0.00403001	0.0513904	1000	3668.31
45	1900	0.01	0.0048111	0.0559498	999	3840.04
46	1900	0.01	0.00632281	0.0613655	1000	3903.39
47	1900	0.01	0.00867272	0.0699979	1000	4310.6
48	1900	0.01	0.0116258	0.0804365	1000	4717.11
49	1900	0.01	0.0157687	0.0916974	1000	5363.16
50	1900	0.01	0.0227184	0.105639	1000	6064.85
51	1900	0.01	0.0325504	0.123881	1000	7057.54
52	1900	0.01	0.0467525	0.145115	1000	8419.02
53	1900	0.01	0.0700926	0.17394	999	10242.1
54	1900	0.01	0.0981324	0.207657	1000	12506.8
55	1900	0.01	0.138493	0.248766	1000	15454.7
2	2000	0.01	0.00728075	0.030456	1000	22.36
3	2000	0.01	0.00605083	0.030105	1000	41.391
4	2000	0.01	0.00594987	0.0307565	1000	50.085
5	2000	0.01	0.0052375	0.0299651	1000	76.238
6	2000	0.01	0.00380558	0.0271187	1000	106.998
7	2000	0.01	0.00331886	0.0275146	1000	130.004
8	2000	0.01	0.00334775	0.0277895	1000	154.69
9	2000	0.01	0.00305606	0.0271601	1000	197.181
10	2000	0.01	0.00251635	0.0268083	1000	207.382
11	2000	0.01	0.00259295	0.0272895	1000	270.63
12	2000	0.01	0.00265429	0.0276324	1000	373.695
13	2000	0.01	0.00194681	0.0261054	1000	426.12
14	2000	0.01	0.00217621	0.0272644	1000	402.033
15	2000	0.01	0.0020326	0.0273802	1000	541.295
16	2000	0.01	0.00186456	0.027277	1000	474.308
17	2000	0.01	0.00172637	0.0270374	999	576.868
18	2000	0.01	0.00149208	0.0268423	1000	623.159
19	2000	0.01	0.00159132	0.0275834	1000	618.809
20	2000	0.01	0.00140518	0.0267648	1000	736.103
21	2000	0.01	0.00166176	0.0277488	1000	714.041
22	2000	0.01	0.00131548	0.0269425	1000	778.254
23	2000	0.01	0.00133446	0.0274953	1000	898.244
24	2000	0.01	0.00103588	0.0275385	1000	948.046
25	2000	0.01	0.00135353	0.0280522	999	1048.9
26	2000	0.01	0.0013665	0.0281714	999	1064.3
27	2000	0.01	0.00139252	0.0285883	1000	1213.98
28	2000	0.01	0.00112016	0.0278324	1000	1242.82
29	2000	0.01	0.00107045	0.0280496	1000	1317.72
30	2000	0.01	0.00114642	0.0282629	1000	1389.56
31	2000	0.01	0.00113955	0.0287477	1000	1498.17
32	2000	0.01	0.000994344	0.0292008	1000	1583.81
33	2000	0.01	0.000992364	0.0288351	1000	1710.4
34	2000	0.01	0.00111168	0.0296595	1000	1766.28
35	2000	0.01	0.00117677	0.029993	1000	1846.18
36	2000	0.01	0.00124707	0.030685	1000	1974.16
37	2000	0.01	0.00108728	0.0305075	1000	2020.33
38	2000	0.01	0.00112949	0.0318955	1000	2057.29
39	2000	0.01	0.00117533	0.0323946	999	2437.06
40	2000	0.01	0.00144638	0.0346013	999	2598.07
41	2000	0.01	0.00170904	0.0363945	1000	2745.11
42	2000	0.01	0.00206408	0.0388509	1000	2916.01
43	2000	0.01	0.00288474	0.0434663	1000	3146.46
44	2000	0.01	0.00332291	0.0463357	1000	3360.8
45	2000	0.01	0.00370594	0.0484527	1000	3659.01
46	2000	0.01	0.00475315	0.0535205	1000	3592.46
47	2000	0.01	0.00629574	0.0607554	999	3827.81
48	2000	0.01	0.00762388	0.0672946	998	4735.81
49	2000	0.01	0.0109472	0.0769568	1000	5229.33
50	2000	0.01	0.0150534	0.0890987	1000	5879.84
51	2000	0.01	0.0214037	0.104541	1000	6718.96
52	2000	0.01	0.0304568	0.121437	1000	6983.82
53	2000	0.01	0.0426	0.14154	1000	8141.47
54	2000	0.01	0.0616009	0.167087	999	9515.28
55	2000	0.01	0.0895936	0.195974	999	11754.3
56	2000	0.01	0.127718	0.233648	1000	14221.5
2	2100	0.01	0.006785	0.0290829	1000	20.652
3	2100	0.01	0.00423222	0.0275056	1000	37.933
4	2100	0.01	0.00466988	0.0284099	1000	56.489
5	2100	0.01	0.00505352	0.0296516	1000	81.312
6	2100	0.01	0.00439008	0.0288005	1000	98.947
7	2100	0.01	0.0043583	0.02932	1000	126.275
8	2100	0.01	0.00375637	0.0284832	1000	149.589
9	2100	0.01	0.00320275	0.0270761	1000	179.979
10	2100	0.01	0.00317443	0.0275767	1000	213.612
11	2100	0.01	0.00261152	0.0261947	1000	242.451
12	2100	0.01	0.00225131	0.026859	1000	321.556
13	2100	0.01	0.00193498	0.0262608	1000	359.075
14	2100	0.01	0.0020469	0.0270816	1000	419.895
15	2100	0.01	0.00203794	0.0273219	1000	445.582
16	2100	0.01	0.00193735	0.0274043	1000	496.375
17	2100	0.01	0.00192392	0.0276638	1000	551.728
18	2100	0.01	0.00126497	0.026004	1000	587.008
19	2100	0.01	0.00156356	0.0272266	1000	648.086
20	2100	0.01	0.0016669	0.027312	1000	703.566
21	2100	0.01	0.00141567	0.0269176	1000	819.805
22	2100	0.01	0.00165203	0.02801	1000	823.697
23	2100	0.01	0.00158027	0.0280106	1000	914.123
24	2100	0.01	0.00133401	0.0275249	1000	989.979
25	2100	0.01	0.00125768	0.0274881	1000	1042.1
26	2100	0.01	0.00129443	0.0275181	1000	1150.57
27	2100	0.01	0.00107818	0.027471	1000	1189.2
28	2100	0.01	0.00107703	0.0272562	999	1303.02
29	2100	0.01	0.00122261	0.0281073	1000	1359.2
30	2100	0.01	0.00125975	0.0283915	1000	1464.05
31	2100	0.01	0.00121897	0.0289206	1000	1543.55
32	2100	0.01	0.00111107	0.0285441	1000	1599.22
33	2100	0.01	0.00113073	0.0286465	999	1705.66
34	2100	0.01	0.00130248	0.0297399	1000	1762.22
35	2100	0.01	0.00097049	0.0291379	1000	1946.32
36	2100	0.01	0.00116147	0.0299502	1000	2000.59
37	2100	0.01	0.00108819	0.0300231	1000	2096.42
38	2100	0.01	0.00116092	0.0311564	999	2260.76
39	2100	0.01	0.00117365	0.0309174	1000	2400.5
40	2100	0.01	0.0013997	0.0331603	1000	2453.34
41	2100	0.01	0.00156756	0.0340264	1000	2630.29
42	2100	0.01	0.00182503	0.0360034	1000	2832.3
43	2100	0.01	0.00212523	0.0382785	999	3028
44	2100	0.01	0.00234602	0.040867	1000	3203.83
45	2100	0.01	0.00297603	0.0446965	1000	3584.98
46	2100	0.01	0.00340024	0.047777	1000	3908.37
47	2100	0.01	0.00465129	0.054014	999	4075.57
48	2100	0.01	0.00607998	0.0599194	1000	4578.99
49	2100	0.01	0.00772313	0.0679556	1000	5079.27
50	2100	0.01	0.0106787	0.0774347	999	5704.86
51	2100	0.01	0.0136515	0.0877032	1000	5908.18
52	2100	0.01	0.0198407	0.0988903	999	7036.6
53	2100	0.01	0.027688	0.117502	1000	7917.5
54	2100	0.01	0.0385078	0.136625	1000	9533.35
55	2100	0.01	0.0559899	0.159046	1000	11028.1
56	2100	0.01	0.0786381	0.187079	1000	12693.1
57	2100	0.01	0.117414	0.23018	1000	15515.3
2	2200	0.01	0.00606636	0.0281818	1000	21.804
3	2200	0.01	0.00749667	0.030602	1000	41.266
4	2200	0.01	0.00563545	0.029688	1000	63.777
5	2200	0.01	0.00457194	0.0274325	999	92.6206
6	2200	0.01	0.003235	0.0273289	1000	112.549
7	2200	0.01	0.00403065	0.0288045	1000	149.461
8	2200	0.01	0.00333926	0.0275786	1000	178.105
9	2200	0.01	0.00314884	0.0273977	1000	208.592
10	2200	0.01	0.0033725	0.0286912	1000	254.524
11	2200	0.01	0.00289161	0.0269429	1000	277.088
12	2200	0.01	0.00266447	0.0270158	1000	385.822
13	2200	0.01	0.00215315	0.0270539	1000	420.682
14	2200	0.01	0.00180799	0.0262156	1000	469.98
15	2200	0.01	0.00181897	0.0262268	1000	510.493
16	2200	0.01	0.00168969	0.0261603	1000	501.843
17	2200	0.01	0.00190979	0.0271513	1000	581.078
18	2200	0.01	0.00172364	0.026746	1000	588.543
19	2200	0.01	0.00176689	0.0272949	1000	651.192
20	2200	0.01	0.0015116	0.0266525	999	674.289
21	2200	0.01	0.00188225	0.0275739	999	768.069
22	2200	0.01	0.00154909	0.0273243	1000	807.427
23	2200	0.01	0.00157634	0.0274628	1000	870.685
24	2200	0.01	0.00130267	0.0268513	999	943.476
25	2200	0.01	0.0013352	0.0276673	1000	1067.2
26	2200	0.01	0.00146258	0.0280494	999	1147.34
27	2200	0.01	0.00103764	0.0264828	1000	1226.82
28	2200	0.01	0.00126037	0.0278728	1000	1308.97
29	2200	0.01	0.00111154	0.0276151	1000	1351.83
30	2200	0.01	0.00103812	0.0277563	1000	1439.63
31	2200	0.01	0.00102821	0.0278746	1000	1510.54
32	2200	0.01	0.000999446	0.0281718	1000	1624.99
33	2200	0.01	0.000929869	0.0279034	999	1843.45
34	2200	0.01	0.000986497	0.028598	1000	1826.68
35	2200	0.01	0.00105816	0.0284426	999	1813.18
36	2200	0.01	0.00103258	0.0290877	1000	1883.84
37	2200	0.01	0.000971032	0.029396	999	2028.01
38	2200	0.01	0.00109035	0.0300151	999	2150.58
39	2200	0.01	0.00119811	0.0305697	1000	2472.04
40	2200	0.01	0.001291	0.0320247	1000	2538.88
41	2200	0.01	0.00133453	0.0323537	999	2525.4
42	2200	0.01	0.00140561	0.0336827	1000	2710.88
43	2200	0.01	0.00164548	0.0355754	1000	2834.8
44	2200	0.01	0.00200325	0.0379758	1000	3030.87
45	2200	0.01	0.00239632	0.0409158	999	3282.48
46	2200	0.01	0.00281983	0.0435477	1000	3534.5
47	2200	0.01	0.00359943	0.0480849	1000	3839.36
48	2200	0.01	0.0044033	0.0525554	1000	4572.5
49	2200	0.01	0.00560561	0.0595145	999	4865.54
50	2200	0.01	0.00703674	0.0650006	1000	5314
51	2200	0.01	0.0101337	0.0749258	999	5322.04
52	2200	0.01	0.0131773	0.0832267	1000	5999.61
53	2200	0.01	0.0182287	0.0969263	1000	6611.12
54	2200	0.01	0.025983	0.113897	1000	7584.86
55	2200	0.01	0.0376679	0.131651	999	8872.85
56	2200	0.01	0.0541583	0.156712	1000	10870.5
57	2200	0.01	0.079316	0.187634	1000	13570
58	2200	0.01	0.106926	0.220393	999	14839.2
2	2300	0.01	0.005755	0.0290367	1000	22.096
3	2300	0.01	0.00463899	0.0279222	1000	40.9
4	2300	0.01	0.00432011	0.0280588	1000	59.48
5	2300	0.01	0.00478061	0.02831	1000	85.237
6	2300	0.01	0.004975	0.0295406	1000	110.471
7	2300	0.01	0.00359981	0.0274839	1000	130.781
8	2300	0.01	0.00395022	0.0284047	1000	158.541
9	2300	0.01	0.00285246	0.026483	1000	194.356
10	2300	0.01	0.00245683	0.0267422	1000	222.472
11	2300	0.01	0.00235233	0.0265829	1000	250.324
12	2300	0.01	0.00244083	0.0269668	1000	343.76
13	2300	0.01	0.00235013	0.0270305	1000	408.306
14	2300	0.01	0.00201121	0.0263568	1000	490.845
15	2300	0.01	0.00200493	0.026707	1000	484.151
16	2300	0.01	0.00195334	0.0266539	1000	523.624
17	2300	0.01	0.0018521	0.0261412	1000	611.982
18	2300	0.01	0.00180014	0.0272937	1000	622.318
19	2300	0.01	0.0017148	0.0270882	999	701.285
20	2300	0.01	0.00166663	0.0270262	1000	726.328
21	2300	0.01	0.00150354	0.0269867	1000	818.295
22	2300	0.01	0.00131723	0.0261772	1000	847.73
23	2300	0.01	0.00138388	0.0272095	1000	1003.57
24	2300	0.01	0.00125002	0.0266745	1000	956.221
25	2300	0.01	0.00134104	0.0277122	1000	1086.17
26	2300	0.01	0.00139079	0.0273916	999	1155.33
27	2300	0.01	0.00123478	0.0274098	1000	1201.57
28	2300	0.01	0.00118675	0.0275733	1000	1297.29
29	2300	0.01	0.0013245	0.028025	999	1389.09
30	2300	0.01	0.00119643	0.0280713	1000	1511.54
31	2300	0.01	0.00114426	0.0274782	1000	1607.11
32	2300	0.01	0.00111103	0.0273952	1000	1613.76
33	2300	0.01	0.00102578	0.0276963	1000	1728.37
34	2300	0.01	0.00105496	0.028532	1000	1853.09
35	2300	0.01	0.000917975	0.0280179	1000	1934.5
36	2300	0.01	0.00108491	0.0288554	999	2063.64
37	2300	0.01	0.00101065	0.0285902	1000	2194.17
38	2300	0.01	0.000939634	0.0290928	1000	2327.21
39	2300	0.01	0.000989019	0.0295093	1000	2474.72
40	2300	0.01	0.00113418	0.0306317	1000	2589.62
41	2300	0.01	0.00114338	0.0311194	1000	2871.74
42	2300	0.01	0.00147454	0.0337169	999	2980.36
43	2300	0.01	0.00139376	0.0337818	1000	3191.83
44	2300	0.01	0.00161266	0.035544	1000	3239.65
45	2300	0.01	0.00191115	0.0377547	1000	3503.16
46	2300	0.01	0.00235286	0.0402791	997	3716.82
47	2300	0.01	0.00275751	0.0431461	1000	4078.47
48	2300	0.01	0.00330264	0.0474443	1000	4212.84
49	2300	0.01	0.00429289	0.0513724	999	4649
50	2300	0.01	0.00552822	0.0592083	999	4946.46
51	2300	0.01	0.0070581	0.0655699	999	5505.11
52	2300	0.01	0.00924614	0.0728061	1000	5914.91
53	2300	0.01	0.0124617	0.082692	1000	6835.3
54	2300	0.01	0.0178403	0.0955715	1000	7373.84
55	2300	0.01	0.0249094	0.110761	999	8790.14
56	2300	0.01	0.0348699	0.12684	998	9996.97
57	2300	0.01	0.0480381	0.147293	1000	11669.3
58	2300	0.01	0.0723617	0.177808	1000	13942.9
59	2300	0.01	0.102645	0.212041	1000	17349.2
2	2400	0.01	0.00524479	0.027195	1000	23.37
3	2400	0.01	0.00599681	0.0305358	1000	44.13
4	2400	0.01	0.00487021	0.0278934	1000	62.102
5	2400	0.01	0.00609508	0.0307388	1000	85.394
6	2400	0.01	0.00383979	0.0272125	1000	108.64
7	2400	0.01	0.00304399	0.0261908	1000	141.887
8	2400	0.01	0.00379135	0.0279274	1000	164.475
9	2400	0.01	0.00322037	0.0278249	1000	245.408
10	2400	0.01	0.00305788	0.0270793	1000	232.932
11	2400	0.01	0.00210489	0.0255809	1000	321.281
12	2400	0.01	0.00257115	0.0267848	1000	379.252
13	2400	0.01	0.00204747	0.026223	1000	407.73
14	2400	0.01	0.00237021	0.0270929	1000	497.587
15	2400	0.01	0.00186858	0.0257116	1000	487.065
16	2400	0.01	0.0017506	0.0256601	1000	544.206
17	2400	0.01	0.0021237	0.0274033	1000	596.783
18	2400	0.01	0.00201973	0.0269484	999	652.373
19	2400	0.01	0.00167899	0.0261728	1000	757.347
20	2400	0.01	0.00150763	0.0262659	1000	746.575
21	2400	0.01	0.00139663	0.0264493	1000	834.32
22	2400	0.01	0.00137405	0.0266635	1000	934.608
23	2400	0.01	0.00146007	0.0268239	1000	1050.18
24	2400	0.01	0.00123623	0.026981	1000	1098.75
25	2400	0.01	0.00138748	0.027227	1000	1192.85
26	2400	0.01	0.00122054	0.0268945	1000	1249.36
27	2400	0.01	0.00114813	0.0268115	998	1339.07
28	2400	0.01	0.00118076	0.0271605	1000	1438.36
29	2400	0.01	0.0011333	0.0268048	1000	1517.4
30	2400	0.01	0.0010364	0.0273301	1000	1596.15
31	2400	0.01	0.00109552	0.0276571	999	1698.23
32	2400	0.01	0.000891862	0.0268858	1000	1709.5
33	2400	0.01	0.00095727	0.0280313	999	1728.59
34	2400	0.01	0.00111603	0.0281203	1000	1845.79
35	2400	0.01	0.00105643	0.0281416	1000	1954.2
36	2400	0.01	0.000969873	0.0280448	1000	2003.01
37	2400	0.01	0.000920011	0.028544	1000	2181.84
38	2400	0.01	0.000911316	0.0281539	1000	2426.04
39	2400	0.01	0.000931197	0.0291902	1000	2393.62
40	2400	0.01	0.000934813	0.0295891	1000	2519.65
41	2400	0.01	0.00102403	0.0305314	999	2643.73
42	2400	0.01	0.0011559	0.0309504	999	2810.86
43	2400	0.01	0.00104689	0.0312246	999	2993.97
44	2400	0.01	0.00159707	0.034397	1000	3275.94
45	2400	0.01	0.00174494	0.0351577	1000	3519.79
46	2400	0.01	0.00194909	0.0386433	998	3713.84
47	2400	0.01	0.00219112	0.0398239	1000	3701.82
48	2400	0.01	0.00265695	0.0433799	999	3981.52
49	2400	0.01	0.00344721	0.0476247	1000	4402.5
50	2400	0.01	0.00435007	0.0525649	999	4700.53
51	2400	0.01	0.00516025	0.056776	999	5175.09
52	2400	0.01	0.00690006	0.0636256	1000	5405.36
53	2400	0.01	0.00932846	0.0737654	999	6051.86
54	2400	0.01	0.0124751	0.084996	999	7063.22
55	2400	0.01	0.0170395	0.0943855	1000	7295.96
56	2400	0.01	0.0243185	0.110949	999	8618.21
57	2400	0.01	0.0327645	0.122131	999	9891.6
58	2400	0.01	0.0472168	0.14659	1000	12287.4
59	2400	0.01	0.0701712	0.175852	999	14420.6
60	2400	0.01	0.0988689	0.204262	1000	16421.6
61	2400	0.01	0.129959	0.238886	1000	20183.2
2	2500	0.01	0.0059078	0.0285258	1000	25.887
3	2500	0.01	0.00588507	0.0302531	1000	48.409
4	2500	0.01	0.0044488	0.0273654	1000	65.684
5	2500	0.01	0.00495216	0.0284579	1000	90.841
6	2500	0.01	0.00364685	0.0267915	999	116.781
7	2500	0.01	0.00315994	0.0268211	1000	145.901
8	2500	0.01	0.0039387	0.0282646	1000	174.317
9	2500	0.01	0.00335836	0.0278679	1000	207.49
10	2500	0.01	0.00263956	0.0264466	1000	243.122
11	2500	0.01	0.0032592	0.0281599	1000	294.098
12	2500	0.01	0.00307937	0.0286316	1000	381.249
13	2500	0.01	0.00213	0.0264107	1000	434.475
14	2500	0.01	0.00214434	0.0259567	1000	477.026
15	2500	0.01	0.002134	0.0265168	1000	527.787
16	2500	0.01	0.00204358	0.0261731	1000	581.707
17	2500	0.01	0.00189621	0.026236	1000	640.384
18	2500	0.01	0.00153373	0.0256934	999	695.342
19	2500	0.01	0.00171383	0.0264597	1000	745.947
20	2500	0.01	0.00173862	0.0267372	1000	837.578
21	2500	0.01	0.00142522	0.0261203	1000	859.797
22	2500	0.01	0.00150824	0.0263736	1000	954.421
23	2500	0.01	0.00129	0.0261028	1000	976.205
24	2500	0.01	0.00133282	0.026384	1000	1035.92
25	2500	0.01	0.00129622	0.0267069	1000	1126.64
26	2500	0.01	0.00119666	0.0265932	1000	1197.54
27	2500	0.01	0.00129222	0.0272133	1000	1295.7
28	2500	0.01	0.00119597	0.0271737	1000	1334.48
29	2500	0.01	0.00109428	0.0265819	1000	1433.28
30	2500	0.01	0.00100233	0.0269399	1000	1545.24
31	2500	0.01	0.00104177	0.0264558	1000	1687.18
32	2500	0.01	0.000905663	0.0270828	1000	1847.99
33	2500	0.01	0.00117507	0.0278702	1000	1987.98
34	2500	0.01	0.0010554	0.0276044	1000	2099.17
35	2500	0.01	0.00113767	0.0279996	1000	2202.24
36	2500	0.01	0.000951289	0.0274595	1000	2167.03
37	2500	0.01	0.000911795	0.0275637	1000	2302.09
38	2500	0.01	0.00100385	0.0281174	1000	2472
39	2500	0.01	0.00107903	0.0291081	1000	2649.45
40	2500	0.01	0.00085155	0.0280951	1000	2730.39
41	2500	0.01	0.00100946	0.0292717	1000	2982.42
42	2500	0.01	0.00100913	0.0299664	998	3269.65
43	2500	0.01	0.00130331	0.0316051	1000	3479
44	2500	0.01	0.00138	0.032735	1000	3305.2
45	2500	0.01	0.00151848	0.0341579	1000	3652.01
46	2500	0.01	0.00151597	0.0348127	1000	3890.22
47	2500	0.01	0.00204297	0.0383742	1000	4013.1
48	2500	0.01	0.00241364	0.0397822	1000	4252.4
49	2500	0.01	0.00264604	0.0426503	998	4558.87
50	2500	0.01	0.00321015	0.0472111	1000	4844.31
51	2500	0.01	0.0041827	0.0526644	1000	5255.06
52	2500	0.01	0.00501685	0.0566009	1000	5624.92
53	2500	0.01	0.00702298	0.0637761	1000	6142.28
54	2500	0.01	0.00912662	0.0732947	1000	6763.72
55	2500	0.01	0.0123231	0.0800734	1000	7462.49
56	2500	0.01	0.0164499	0.0915711	999	8105.6
57	2500	0.01	0.0224318	0.108027	1000	9305.05
58	2500	0.01	0.0312746	0.124044	1000	10993.5
59	2500	0.01	0.045501	0.145897	999	13218.5
60	2500	0.01	0.0661624	0.171315	1000	15250.9
61	2500	0.01	0.0933501	0.204859	1000	19212.6
62	2500	0.01	0.130087	0.240616	1000	22135.5
2	2600	0.01	0.00349327	0.0250985	1000	24.823
3	2600	0.01	0.00494103	0.0285574	1000	47.157
4	2600	0.01	0.00458481	0.0274817	1000	69.762
5	2600	0.01	0.00451806	0.0273662	999	95.2883
6	2600	0.01	0.00396712	0.0273956	1000	141.368
7	2600	0.01	0.00338742	0.0267359	1000	171.404
8	2600	0.01	0.00323207	0.0267815	1000	194.835
9	2600	0.01	0.00248957	0.0258875	1000	216.609
10	2600	0.01	0.00289638	0.0268187	1000	254
11	2600	0.01	0.00299629	0.0263803	1000	316.39
12	2600	0.01	0.00244606	0.0262412	1000	384.289
13	2600	0.01	0.00217305	0.0262117	1000	451.053
14	2600	0.01	0.00228465	0.0262899	999	559.842
15	2600	0.01	0.00180021	0.0255685	1000	613.222
16	2600	0.01	0.00209221	0.0267815	1000	620.157
17	2600	0.01	0.00197204	0.026528	1000	644.935
18	2600	0.01	0.00182207	0.0263088	1000	726.086
19	2600	0.01	0.00156093	0.025988	1000	764.52
20	2600	0.01	0.00152981	0.0261119	1000	850.184
21	2600	0.01	0.00155155	0.0263068	999	891.042
22	2600	0.01	0.00104668	0.0250761	1000	938.802
23	2600	0.01	0.00154285	0.0263793	999	1107.05
24	2600	0.01	0.0013747	0.0265489	1000	1090.19
25	2600	0.01	0.00150176	0.026854	999	1185.63
26	2600	0.01	0.00109957	0.0257137	1000	1213.11
27	2600	0.01	0.00133966	0.0268281	1000	1329.09
28	2600	0.01	0.00101903	0.0260636	999	1411.38
29	2600	0.01	0.00103733	0.0263375	1000	1534.83
30	2600	0.01	0.00114304	0.0268597	1000	1639.35
31	2600	0.01	0.00106422	0.0269246	1000	1687.86
32	2600	0.01	0.000939762	0.0261791	999	1785.55
33	2600	0.01	0.00104385	0.0271684	1000	1932.13
34	2600	0.01	0.00100968	0.0269988	1000	2019.16
35	2600	0.01	0.000893527	0.0269896	1000	2102.61
36	2600	0.01	0.000970598	0.027383	1000	2224.14
37	2600	0.01	0.00101019	0.0276895	999	2321.45
38	2600	0.01	0.00103664	0.0276526	1000	2459.64
39	2600	0.01	0.00090859	0.0284317	1000	2561.2
40	2600	0.01	0.000943865	0.0280485	1000	2695.21
41	2600	0.01	0.000921689	0.0288778	1000	2874.76
42	2600	0.01	0.000926824	0.0289246	999	2964.11
43	2600	0.01	0.000935999	0.0297813	999	3148.38
44	2600	0.01	0.00115438	0.0308009	1000	3284.14
45	2600	0.01	0.00133511	0.0323888	1000	3502.78
46	2600	0.01	0.00145678	0.0335305	998	3997.83
47	2600	0.01	0.0015135	0.0351795	1000	4320.65
48	2600	0.01	0.00173998	0.0364627	1000	4484.07
49	2600	0.01	0.00213972	0.039759	999	4894.05
50	2600	0.01	0.00275501	0.0431446	999	5021.28
51	2600	0.01	0.00328246	0.0468815	1000	5481.56
52	2600	0.01	0.0040654	0.0513466	1000	5926.75
53	2600	0.01	0.00509988	0.056956	999	6329.14
54	2600	0.01	0.00680081	0.0637391	1000	6912.23
55	2600	0.01	0.00895789	0.0728765	1000	7148.6
56	2600	0.01	0.0121602	0.0818617	1000	7376.64
57	2600	0.01	0.016111	0.0921856	999	8348.98
58	2600	0.01	0.0227828	0.107767	999	10238.5
59	2600	0.01	0.0316213	0.12603	1000	11532.9
60	2600	0.01	0.0451752	0.147378	1000	12366.7
61	2600	0.01	0.0631653	0.169361	1000	15345.6
62	2600	0.01	0.0909433	0.199396	1000	19584.9
63	2600	0.01	0.122861	0.231303	1000	22580.1
2	2700	0.01	0.0067113	0.029337	1000	26.989
3	2700	0.01	0.00630593	0.0291883	1000	49.75
4	2700	0.01	0.00438602	0.0268156	1000	78.188
5	2700	0.01	0.00370756	0.0274327	1000	97.009
6	2700	0.01	0.00435235	0.0282748	1000	162.146
7	2700	0.01	0.00367	0.0276048	1000	161.08
8	2700	0.01	0.0037437	0.0278715	1000	238.281
9	2700	0.01	0.00260827	0.0254536	1000	228.939
10	2700	0.01	0.00328444	0.0272135	1000	332.227
11	2700	0.01	0.00287377	0.0269518	1000	378.338
12	2700	0.01	0.00250105	0.0265184	1000	409.951
13	2700	0.01	0.00191812	0.0258133	1000	567.598
14	2700	0.01	0.00222405	0.0268932	999	509.754
15	2700	0.01	0.00244286	0.0272286	1000	726.897
16	2700	0.01	0.00197546	0.0260709	1000	751.118
17	2700	0.01	0.00211824	0.0272368	1000	772.035
18	2700	0.01	0.00186992	0.0269868	999	877.654
19	2700	0.01	0.00148825	0.0255717	1000	952.381
20	2700	0.01	0.001906	0.0269553	1000	954.979
21	2700	0.01	0.00156376	0.0258232	1000	951.749
22	2700	0.01	0.00141899	0.0263594	1000	1024.58
23	2700	0.01	0.00160855	0.0263986	999	1233.45
24	2700	0.01	0.00123565	0.0259587	1000	1316.85
25	2700	0.01	0.00142378	0.0262897	1000	1399.52
26	2700	0.01	0.00141819	0.0265074	1000	1482.77
27	2700	0.01	0.00123266	0.0266273	999	1578.24
28	2700	0.01	0.00123562	0.0264154	1000	1546.85
29	2700	0.01	0.00117531	0.0262764	1000	1618.69
30	2700	0.01	0.0011913	0.0267124	998	1691.63
31	2700	0.01	0.001109	0.0265453	1000	1770.67
32	2700	0.01	0.00101927	0.026584	1000	1912.5
33	2700	0.01	0.00080367	0.0261989	1000	2015.68
34	2700	0.01	0.000973595	0.0265154	1000	2133.87
35	2700	0.01	0.00101484	0.0272928	1000	2238.34
36	2700	0.01	0.000913004	0.0272708	1000	2355.85
37	2700	0.01	0.000833013	0.0267204	1000	2489.59
38	2700	0.01	0.000861598	0.0273924	1000	2625.87
39	2700	0.01	0.000864492	0.0271294	1000	2760.87
40	2700	0.01	0.000935481	0.027927	1000	2851.87
41	2700	0.01	0.000925818	0.0280548	1000	3033.1
42	2700	0.01	0.000961129	0.0288204	999	3214.53
43	2700	0.01	0.000959828	0.0288248	1000	3421.82
44	2700	0.01	0.000999579	0.0298686	1000	3601.03
45	2700	0.01	0.00117937	0.03153	1000	3765.99
46	2700	0.01	0.00112585	0.0323525	1000	4000.24
47	2700	0.01	0.00153206	0.0342269	998	4069.84
48	2700	0.01	0.00156407	0.0354542	1000	4217.23
49	2700	0.01	0.00185134	0.037798	1000	4631.66
50	2700	0.01	0.00218112	0.0403761	1000	4898.8
51	2700	0.01	0.00259343	0.043286	1000	5295.34
52	2700	0.01	0.00315201	0.046383	999	5531.99
53	2700	0.01	0.00414918	0.0508721	1000	6312.06
54	2700	0.01	0.00511755	0.0564131	1000	6486.03
55	2700	0.01	0.00680339	0.064177	1000	7658.48
56	2700	0.01	0.00850212	0.070431	1000	7657.61
57	2700	0.01	0.011938	0.0827333	1000	8851.76
58	2700	0.01	0.0159289	0.0931041	999	9744.23
59	2700	0.01	0.0217603	0.104744	1000	10971.5
60	2700	0.01	0.0288887	0.118894	1000	11894.4
61	2700	0.01	0.0432445	0.142354	1000	14169.4
62	2700	0.01	0.0612465	0.167074	998	18157.6
63	2700	0.01	0.0879447	0.197153	1000	21283.4
64	2700	0.01	0.124245	0.231106	998	27060.8
2	2800	0.01	0.00639482	0.0285954	1000	26.652
3	2800	0.01	0.00576976	0.0287827	1000	49.821
4	2800	0.01	0.00635598	0.030345	1000	77.013
5	2800	0.01	0.00481593	0.0290292	1000	102.061
6	2800	0.01	0.00455315	0.0281536	1000	130.002
7	2800	0.01	0.00350811	0.0270891	1000	162.674
8	2800	0.01	0.00257295	0.0254558	1000	222.288
9	2800	0.01	0.0035373	0.0276961	1000	283.768
10	2800	0.01	0.00245657	0.0254907	1000	267.369
11	2800	0.01	0.00207425	0.0250533	1000	381.222
12	2800	0.01	0.00237637	0.0257385	1000	482.878
13	2800	0.01	0.0023189	0.0258982	1000	465.295
14	2800	0.01	0.00229023	0.0261984	1000	594.58
15	2800	0.01	0.00224383	0.026065	1000	621.433
16	2800	0.01	0.00212449	0.0264547	999	720.778
17	2800	0.01	0.00179193	0.0260202	1000	782.91
18	2800	0.01	0.00126782	0.0250085	1000	839.511
19	2800	0.01	0.00169985	0.0256382	1000	914.858
20	2800	0.01	0.00153836	0.025945	1000	962.221
21	2800	0.01	0.00170653	0.0266882	1000	1052.77
22	2800	0.01	0.00144365	0.0256308	999	1104.83
23	2800	0.01	0.00137672	0.0259477	1000	1192.88
24	2800	0.01	0.00138159	0.0260287	1000	1258.49
25	2800	0.01	0.00141641	0.0267531	1000	1361.36
26	2800	0.01	0.00148519	0.026449	999	1425.19
27	2800	0.01	0.00121189	0.026407	1000	1538.94
28	2800	0.01	0.00129272	0.0267465	1000	1622.45
29	2800	0.01	0.00119453	0.0266458	1000	1698.62
30	2800	0.01	0.00118117	0.0262094	999	1753.3
31	2800	0.01	0.00100219	0.0265195	999	1895.97
32	2800	0.01	0.00107342	0.0264031	1000	1993.89
33	2800	0.01	0.00115464	0.0268856	1000	2105.02
34	2800	0.01	0.000924664	0.0266448	1000	2214.09
35	2800	0.01	0.00110693	0.0273476	1000	2361.13
36	2800	0.01	0.000977063	0.0267984	1000	2463.42
37	2800	0.01	0.000931902	0.0269873	1000	2587.23
38	2800	0.01	0.000956509	0.0272044	998	2682.91
39	2800	0.01	0.00120391	0.028376	1000	2723.24
40	2800	0.01	0.00083117	0.0278958	1000	2701.63
41	2800	0.01	0.00097765	0.0278347	999	2841.73
42	2800	0.01	0.000973019	0.0285453	1000	3136.74
43	2800	0.01	0.000816107	0.0281474	999	3252.32
44	2800	0.01	0.00113364	0.0296501	999	3264.29
45	2800	0.01	0.000933651	0.0297672	1000	3881.65
46	2800	0.01	0.00110935	0.0309947	1000	4162.32
47	2800	0.01	0.00134976	0.032539	1000	4273.31
48	2800	0.01	0.00118004	0.0325662	1000	4120.79
49	2800	0.01	0.00142248	0.0340853	998	4330.05
50	2800	0.01	0.00174514	0.0368796	1000	4704.1
51	2800	0.01	0.00220277	0.0394446	1000	4982.27
52	2800	0.01	0.00272007	0.0431129	1000	5431.03
53	2800	0.01	0.00330883	0.047553	1000	5736.81
54	2800	0.01	0.00403108	0.0511638	1000	6115.01
55	2800	0.01	0.00558244	0.0579479	999	6812.96
56	2800	0.01	0.0066157	0.0633104	999	6953.37
57	2800	0.01	0.00897659	0.0721106	1000	8639.94
58	2800	0.01	0.0114615	0.0803429	999	8435.58
59	2800	0.01	0.0154888	0.0926438	999	9924.48
60	2800	0.01	0.0216797	0.105699	1000	10528
61	2800	0.01	0.029756	0.12194	998	13926.6
62	2800	0.01	0.0438002	0.141493	1000	14006.4
63	2800	0.01	0.0613341	0.164263	999	17056.2
64	2800	0.01	0.0866739	0.192771	999	23985.7
65	2800	0.01	0.11967	0.226796	1000	25365.8
2	2900	0.01	0.0085881	0.0312876	1000	29.028
3	2900	0.01	0.00689828	0.0305744	1000	52.634
4	2900	0.01	0.00398569	0.0274772	1000	78.122
5	2900	0.01	0.00497938	0.0279852	1000	107.62
6	2900	0.01	0.00368644	0.027268	1000	161.443
7	2900	0.01	0.00402788	0.02745	1000	191.853
8	2900	0.01	0.00358931	0.0274929	1000	209.289
9	2900	0.01	0.00290762	0.0261358	1000	306.767
10	2900	0.01	0.00235231	0.0251699	1000	339.553
11	2900	0.01	0.00328545	0.0277063	1000	324.353
12	2900	0.01	0.00276121	0.0267001	1000	518.147
13	2900	0.01	0.00254507	0.0267124	1000	548.56
14	2900	0.01	0.00217966	0.0259707	1000	631.992
15	2900	0.01	0.00163039	0.025064	1000	666.552
16	2900	0.01	0.00206756	0.0264511	1000	704.103
17	2900	0.01	0.00158943	0.0247756	998	715.84
18	2900	0.01	0.00156708	0.0254386	999	813.934
19	2900	0.01	0.00179868	0.0260934	1000	918.59
20	2900	0.01	0.00185802	0.0264335	1000	878.466
21	2900	0.01	0.00149657	0.0254425	1000	1054.16
22	2900	0.01	0.00134685	0.0257337	1000	1095.3
23	2900	0.01	0.0016112	0.0260482	998	1186.87
24	2900	0.01	0.00115736	0.0254383	999	1264.34
25	2900	0.01	0.00107432	0.0255835	999	1346.26
26	2900	0.01	0.00116857	0.0258568	1000	1459.87
27	2900	0.01	0.00136487	0.0260274	1000	1556.36
28	2900	0.01	0.00129403	0.0262635	1000	1628.1
29	2900	0.01	0.00107585	0.0257995	1000	1675.76
30	2900	0.01	0.00106446	0.0265864	1000	1843.71
31	2900	0.01	0.000979388	0.0262424	1000	1919.73
32	2900	0.01	0.00104198	0.0263276	999	2007.97
33	2900	0.01	0.000927931	0.0259381	1000	2114.09
34	2900	0.01	0.00106121	0.0264949	1000	2206.54
35	2900	0.01	0.000917576	0.0265101	1000	2303.28
36	2900	0.01	0.00108757	0.0266254	999	2359.88
37	2900	0.01	0.000854641	0.0264173	1000	2582.14
38	2900	0.01	0.000947033	0.0269016	1000	2748.09
39	2900	0.01	0.00085023	0.0272115	1000	2776.38
40	2900	0.01	0.00102969	0.027556	1000	2985.1
41	2900	0.01	0.000847351	0.0272183	1000	3168.83
42	2900	0.01	0.000878259	0.0278954	1000	3211.35
43	2900	0.01	0.000938741	0.0275291	1000	3474.65
44	2900	0.01	0.000905486	0.0285283	1000	3722.79
45	2900	0.01	0.000961667	0.028687	999	4024.53
46	2900	0.01	0.000919525	0.0293649	999	4181.06
47	2900	0.01	0.00117996	0.0306327	1000	4164.25
48	2900	0.01	0.00115989	0.0316269	1000	4432.53
49	2900	0.01	0.00139567	0.0336186	999	4765.19
50	2900	0.01	0.00153517	0.0350634	999	4972.27
51	2900	0.01	0.00172148	0.0368628	999	5316.6
52	2900	0.01	0.00203207	0.0384976	1000	5852.32
53	2900	0.01	0.00273955	0.0433773	1000	6408.82
54	2900	0.01	0.00320186	0.0460061	1000	6426.24
55	2900	0.01	0.00423836	0.0522256	999	6936.13
56	2900	0.01	0.00522021	0.0566346	999	7562.81
57	2900	0.01	0.00693579	0.065392	1000	8249.86
58	2900	0.01	0.0087472	0.0704717	1000	9371.27
59	2900	0.01	0.0118401	0.0827	999	9844.39
60	2900	0.01	0.0155988	0.0913021	1000	11016.4
61	2900	0.01	0.0214481	0.104818	999	12206.1
62	2900	0.01	0.0300019	0.120441	998	14263.7
63	2900	0.01	0.0416724	0.139869	999	17485.9
64	2900	0.01	0.0608961	0.165958	1000	19719.9
65	2900	0.01	0.0833093	0.192023	1000	24375.8
66	2900	0.01	0.116835	0.227285	1000	29709.1
2	3000	0.01	0.007079	0.0286603	1000	28.419
3	3000	0.01	0.00466533	0.0273893	1000	53.343
4	3000	0.01	0.00424192	0.0276232	1000	91.906
5	3000	0.01	0.00457037	0.0281391	999	126.186
6	3000	0.01	0.0044095	0.0283687	1000	154.897
7	3000	0.01	0.00321633	0.0263253	1000	212.192
8	3000	0.01	0.00279392	0.0252985	1000	213.332
9	3000	0.01	0.00274404	0.0262007	1000	299.691
10	3000	0.01	0.00293357	0.0265836	1000	290.33
11	3000	0.01	0.00260494	0.0262613	1000	336.591
12	3000	0.01	0.00246119	0.025977	1000	477.591
13	3000	0.01	0.00249528	0.0263901	1000	484.366
14	3000	0.01	0.00235414	0.0269064	1000	593.093
15	3000	0.01	0.00181562	0.0253191	1000	604.72
16	3000	0.01	0.00186338	0.0257079	1000	697.446
17	3000	0.01	0.00211298	0.0260618	1000	699.951
18	3000	0.01	0.00159235	0.0250277	1000	895.235
19	3000	0.01	0.00154591	0.0253516	1000	904.479
20	3000	0.01	0.00139908	0.0248775	999	974.245
21	3000	0.01	0.00158624	0.0256625	1000	1053.34
22	3000	0.01	0.00134135	0.0251392	1000	1108.74
23	3000	0.01	0.0012365	0.0249422	999	1171.31
24	3000	0.01	0.00136526	0.0257059	1000	1290.03
25	3000	0.01	0.00115224	0.0251282	1000	1387.56
26	3000	0.01	0.00114006	0.0255681	1000	1447.33
27	3000	0.01	0.00111405	0.0258563	1000	1491.04
28	3000	0.01	0.00124164	0.0263407	1000	1510.77
29	3000	0.01	0.00101705	0.0254638	1000	1663.65
30	3000	0.01	0.00101677	0.0256286	1000	1707.5
31	3000	0.01	0.00103844	0.0257127	1000	1949.5
32	3000	0.01	0.00093299	0.0255067	1000	2217.8
33	3000	0.01	0.00101099	0.0264974	1000	2340.44
34	3000	0.01	0.000918438	0.026166	999	2476.61
35	3000	0.01	0.000870714	0.0260775	1000	2573.57
36	3000	0.01	0.000928759	0.0261817	1000	2567.41
37	3000	0.01	0.0010405	0.026814	1000	2574.47
38	3000	0.01	0.000709929	0.0260206	999	2678.8
39	3000	0.01	0.000813991	0.0267138	1000	2823.05
40	3000	0.01	0.000836242	0.0267889	1000	2919.86
41	3000	0.01	0.000761501	0.0267746	999	3069.31
42	3000	0.01	0.000822119	0.0269762	1000	3238.98
43	3000	0.01	0.000952752	0.0277811	1000	3383.03
44	3000	0.01	0.00100953	0.0287546	1000	3544.94
45	3000	0.01	0.000988574	0.0288283	999	3734.55
46	3000	0.01	0.000963623	0.0289415	1000	3951.14
47	3000	0.01	0.00121698	0.0305889	998	4182.29
48	3000	0.01	0.00115886	0.0311204	1000	4448.75
49	3000	0.01	0.00108753	0.0313475	1000	4678.32
50	3000	0.01	0.00135974	0.0337864	1000	4871.86
51	3000	0.01	0.00153559	0.0352566	1000	5203.41
52	3000	0.01	0.00176889	0.0363492	998	5417.55
53	3000	0.01	0.00217305	0.0403437	999	5792.65
54	3000	0.01	0.00273226	0.0423151	1000	6083.19
55	3000	0.01	0.0031751	0.0468687	999	6632.06
56	3000	0.01	0.0040935	0.0505567	1000	7311.96
57	3000	0.01	0.00556654	0.0588109	1000	7944.16
58	3000	0.01	0.00671127	0.0639966	999	8365.94
59	3000	0.01	0.00901441	0.0740885	1000	10042.4
60	3000	0.01	0.0118156	0.0820408	1000	10570.2
61	3000	0.01	0.0159675	0.092962	1000	11923.8
62	3000	0.01	0.0216925	0.106283	1000	14025.2
63	3000	0.01	0.0307983	0.121843	999	15930.8
64	3000	0.01	0.0425681	0.142433	1000	20316.9
65	3000	0.01	0.0585309	0.161682	998	22208
66	3000	0.01	0.0841496	0.19294	999	29392.6
67	3000	0.01	0.119259	0.230693	999	34032.8
2	3100	0.01	0.00785194	0.0306627	1000	29.728
3	3100	0.01	0.00633581	0.0301128	1000	54.543
4	3100	0.01	0.00510363	0.0291006	1000	81.496
5	3100	0.01	0.00443187	0.0284885	1000	115.228
6	3100	0.01	0.00405602	0.0268509	1000	175.028
7	3100	0.01	0.00385359	0.0278917	1000	209.659
8	3100	0.01	0.00343504	0.0267546	1000	237.424
9	3100	0.01	0.00325061	0.0267863	1000	274.428
10	3100	0.01	0.00260332	0.0256261	1000	292.21
11	3100	0.01	0.00217416	0.0247434	1000	392.78
12	3100	0.01	0.00233793	0.0258633	1000	528.302
13	3100	0.01	0.00262134	0.0265979	1000	508.049
14	3100	0.01	0.00185272	0.0245414	1000	624.947
15	3100	0.01	0.00210058	0.026194	1000	622.382
16	3100	0.01	0.00184353	0.025017	1000	687.356
17	3100	0.01	0.00163213	0.0245821	1000	741.789
18	3100	0.01	0.00194301	0.0260905	1000	893.254
19	3100	0.01	0.00166307	0.0251099	1000	869.057
20	3100	0.01	0.001564	0.0250205	1000	923.221
21	3100	0.01	0.00174437	0.0261558	999	1010.9
22	3100	0.01	0.00147687	0.0258002	999	1094.48
23	3100	0.01	0.00128109	0.0255456	1000	1179.09
24	3100	0.01	0.00127443	0.0254679	999	1403.64
25	3100	0.01	0.000968246	0.0245047	999	1520.51
26	3100	0.01	0.00117026	0.0250258	998	1638.06
27	3100	0.01	0.00122774	0.0257148	999	1730.63
28	3100	0.01	0.00138735	0.026643	998	1878.85
29	3100	0.01	0.000986207	0.0255683	1000	1942.78
30	3100	0.01	0.00115059	0.0258231	1000	2006.32
31	3100	0.01	0.00108933	0.0257722	999	2198.35
32	3100	0.01	0.00116935	0.0266889	1000	2342.67
33	3100	0.01	0.000823441	0.0254253	1000	2404.35
34	3100	0.01	0.00114253	0.0263733	1000	2542.83
35	3100	0.01	0.000814747	0.0257351	1000	2700.85
36	3100	0.01	0.000970206	0.0263355	1000	2853.9
37	3100	0.01	0.000869198	0.025972	1000	2962.32
38	3100	0.01	0.000899228	0.0268842	1000	3109.97
39	3100	0.01	0.000871447	0.026342	1000	3266
40	3100	0.01	0.00074521	0.0259829	1000	3403.15
41	3100	0.01	0.000771817	0.0264435	1000	3621.49
42	3100	0.01	0.000938702	0.0275452	1000	3775.96
43	3100	0.01	0.000794644	0.0272392	1000	3808.56
44	3100	0.01	0.000811188	0.0277481	1000	3828.57
45	3100	0.01	0.0010743	0.0282808	1000	3909.54
46	3100	0.01	0.000867677	0.0285442	999	4156.87
47	3100	0.01	0.00103337	0.0293599	999	4367.15
48	3100	0.01	0.00111987	0.0306154	998	4490.45
49	3100	0.01	0.00129489	0.0317052	1000	4820.98
50	3100	0.01	0.00128348	0.0319449	1000	5069.06
51	3100	0.01	0.00134796	0.033191	999	5320.54
52	3100	0.01	0.00171175	0.0355955	999	5808.78
53	3100	0.01	0.00189427	0.0382047	1000	6346.2
54	3100	0.01	0.00221808	0.0396865	1000	6429.47
55	3100	0.01	0.00263139	0.0430777	999	6930.52
56	3100	0.01	0.00329779	0.0467817	999	7453.5
57	3100	0.01	0.00401471	0.0514467	999	8418.9
58	3100	0.01	0.0057327	0.0585198	1000	8929.1
59	3100	0.01	0.00660678	0.0637598	1000	9656.54
60	3100	0.01	0.00907929	0.0731662	1000	10342.1
61	3100	0.01	0.012097	0.0824188	1000	12104.7
62	3100	0.01	0.0161618	0.0918711	999	12967.4
63	3100	0.01	0.0217743	0.105402	1000	15746.3
64	3100	0.01	0.0303903	0.121799	998	17990.4
65	3100	0.01	0.0411217	0.141188	1000	21621.4
66	3100	0.01	0.0592442	0.165058	1000	26342
67	3100	0.01	0.0860382	0.19584	999	30912.5
68	3100	0.01	0.118107	0.227618	997	42354.1
2	3200	0.01	0.0049725	0.0276806	1000	31.069
3	3200	0.01	0.00527229	0.0293991	1000	60.285
4	3200	0.01	0.00463484	0.0268794	1000	84.048
5	3200	0.01	0.00493894	0.0284166	1000	123.09
6	3200	0.01	0.00417568	0.0279994	1000	185.446
7	3200	0.01	0.00278326	0.025425	1000	183.606
8	3200	0.01	0.00396008	0.0270889	1000	226.323
9	3200	0.01	0.00331122	0.0270219	1000	267.299
10	3200	0.01	0.002866	0.0262395	1000	304.282
11	3200	0.01	0.00263167	0.0255959	999	434.378
12	3200	0.01	0.00240589	0.026039	1000	535.507
13	3200	0.01	0.0025157	0.0265728	1000	638.283
14	3200	0.01	0.00203893	0.0254865	1000	596.538
15	3200	0.01	0.00173356	0.0248641	1000	712.253
16	3200	0.01	0.0018132	0.0250961	1000	778.914
17	3200	0.01	0.00173065	0.025457	999	771.401
18	3200	0.01	0.001642	0.0251667	1000	1045.57
19	3200	0.01	0.0018347	0.0256109	1000	897.541
20	3200	0.01	0.00164556	0.0257316	1000	1203.51
21	3200	0.01	0.00169512	0.0259348	1000	1215.25
22	3200	0.01	0.00155298	0.0258962	1000	1287.25
23	3200	0.01	0.00124113	0.024644	999	1381.94
24	3200	0.01	0.00119904	0.0248385	1000	1455.6
25	3200	0.01	0.00124793	0.0253286	1000	1586.13
26	3200	0.01	0.00143855	0.0258517	999	1676.5
27	3200	0.01	0.00116911	0.0254659	1000	1776.08
28	3200	0.01	0.00100818	0.0250651	1000	1848.86
29	3200	0.01	0.00110599	0.0254807	1000	1966.9
30	3200	0.01	0.00107103	0.0257099	1000	2032.16
31	3200	0.01	0.00106726	0.0258736	1000	2188.08
32	3200	0.01	0.00101076	0.0256743	1000	2316.47
33	3200	0.01	0.00109618	0.0260126	1000	2447.41
34	3200	0.01	0.00110761	0.0261712	1000	2554.26
35	3200	0.01	0.000999616	0.0265457	1000	2678.79
36	3200	0.01	0.000983932	0.0261165	1000	2821.99
37	3200	0.01	0.00109893	0.0269075	1000	2995.47
38	3200	0.01	0.000824424	0.0258946	1000	3105.93
39	3200	0.01	0.000973189	0.0266196	1000	3234.15
40	3200	0.01	0.000776589	0.0266069	999	3084
41	3200	0.01	0.000861402	0.0268485	1000	3619.03
42	3200	0.01	0.000989092	0.0271453	1000	3783.48
43	3200	0.01	0.000921336	0.0271634	999	3687.22
44	3200	0.01	0.000753629	0.02706	1000	3973.09
45	3200	0.01	0.000924814	0.0283474	999	4037.03
46	3200	0.01	0.000849192	0.0280225	1000	4324.34
47	3200	0.01	0.000900425	0.0287026	998	4543.74
48	3200	0.01	0.0010877	0.0293463	999	4846.17
49	3200	0.01	0.00101618	0.0296454	999	5073.92
50	3200	0.01	0.00111416	0.0302219	1000	5470.1
51	3200	0.01	0.00127436	0.0325876	999	5740.48
52	3200	0.01	0.00147415	0.0344371	1000	6044.05
53	3200	0.01	0.00178665	0.0358204	1000	6614.54
54	3200	0.01	0.00197218	0.0380864	999	6893.51
55	3200	0.01	0.00235289	0.04068	1000	7219.31
56	3200	0.01	0.00267879	0.0430063	1000	8006.91
57	3200	0.01	0.00355353	0.0476432	999	8608.42
58	3200	0.01	0.0041113	0.0512679	999	9112.06
59	3200	0.01	0.00534845	0.058792	999	10066.9
60	3200	0.01	0.00710532	0.0646726	1000	10873.1
61	3200	0.01	0.00907917	0.0730741	1000	12130.4
62	3200	0.01	0.0123179	0.082516	998	14251.1
63	3200	0.01	0.0160877	0.0915543	1000	16465.1
64	3200	0.01	0.0228021	0.109197	999	19970.4
65	3200	0.01	0.0309918	0.123511	997	22212.5
66	3200	0.01	0.0423233	0.139545	999	26328.4
67	3200	0.01	0.0633984	0.168092	1000	33456.9
68	3200	0.01	0.0846086	0.194569	1000	38807.9
69	3200	0.01	0.121774	0.2307	998	52365.2